"","female_wildtype_viability","male_wildtype_viability","female_mutant_viability","male_mutant_viability","G_statistic","degrees_of_freedom","p_value"
"H0:",1,1,1,1,10646.2010318919,4,0
"H1:",0.610402135450343,0.610402135450343,0.610402135450343,0.610402135450343,303.326245015347,3,1.89610595502123e-65
"H2:",1,1,0.399413939866444,0.226911126286071,987.514601607322,2,3.66377556213187e-215
"H3:",0.772495358286361,0.673355810251664,0.584130217020436,0.411627403440063,NA,NA,NA
