"","female_wildtype_viability","male_wildtype_viability","female_mutant_viability","male_mutant_viability","G_statistic","degrees_of_freedom","p_value"
"H0:",1,1,1,1,10483.7450177933,4,0
"H1:",0.610402135450343,0.610402135450343,0.610402135450343,0.610402135450343,140.870230916783,3,2.45368305638345e-30
"H2:",1,1,0.400074870186676,0.260089828361683,1342.39230322463,2,3.18577485478897e-292
"H3:",0.737994795570286,0.606337475780208,0.618630779736511,0.478645737911518,NA,NA,NA
