"","female_wildtype_viability","male_wildtype_viability","female_mutant_viability","male_mutant_viability","G_statistic","degrees_of_freedom","p_value"
"H0:",1,1,1,1,10486.6433051866,4,0
"H1:",0.610402135450343,0.610402135450343,0.610402135450343,0.610402135450343,143.768518310022,3,5.81868383484275e-31
"H2:",1,1,0.397959893161935,0.261147316874053,1331.2664696275,2,8.30154925426249e-290
"H3:",0.741167261107397,0.606337475780209,0.6154583141994,0.478645737911518,NA,NA,NA
