"","female_wildtype_viability","male_wildtype_viability","female_mutant_viability","male_mutant_viability","G_statistic","degrees_of_freedom","p_value"
"H0:",1,1,1,1,10965.3214774051,4,0
"H1:",0.610402135450343,0.610402135450343,0.610402135450343,0.610402135450343,622.446690528598,3,1.3712154650783e-134
"H2:",1,1,0.394655241560779,0.192014005377858,640.884641271098,2,6.81817870145013e-140
"H3:",0.816909875805906,0.747908750373756,0.539715699500892,0.337074463317971,NA,NA,NA
