"","female_wildtype_viability","male_wildtype_viability","female_mutant_viability","male_mutant_viability","G_statistic","degrees_of_freedom","p_value"
"H0:",1,1,1,1,10599.2820687077,4,0
"H1:",0.610402135450343,0.610402135450343,0.610402135450343,0.610402135450343,256.407281831164,3,2.69125840081655e-55
"H2:",1,1,0.39848863741812,0.235503220449078,1063.05147210321,2,1.44979248155244e-231
"H3:",0.765753869020002,0.657096924373973,0.590871706286796,0.427886289317753,NA,NA,NA
