"","female_wildtype_viability","male_wildtype_viability","female_mutant_viability","male_mutant_viability","G_statistic","degrees_of_freedom","p_value"
"H0:",1,1,1,1,10501.4697340249,4,0
"H1:",0.610402135450343,0.610402135450343,0.610402135450343,0.610402135450343,158.594947148353,3,3.68419390233323e-34
"H2:",1,1,0.403511707851879,0.252026478454861,1289.47424664233,2,9.86790735466065e-281
"H3:",0.739184470146703,0.61902733792865,0.617441105160094,0.465955875763077,NA,NA,NA
