"","Df","Sum Sq","Mean Sq","F value","Pr(>F)"
"Brood",1,0.0598148755620618,0.0598148755620618,2.39407244577078,0.12347766909925
"Sex",1,0.0139755286457098,0.0139755286457098,0.559366340419093,0.455450193105096
"Cross",9,0.292411552996372,0.0324901725551524,1.3004094072205,0.239072649668073
"Residuals",188,4.69709954915219,0.0249845720699585,NA,NA
